{"count":1,"self":2133.087232,"total":230724.013216,"children":{"InitializeActuators":{"count":8,"self":0.0013989999999999999,"total":0.0013989999999999999,"children":null},"InitializeSensors":{"count":8,"self":0.0025139999999999997,"total":0.0025139999999999997,"children":null},"AgentSendState":{"count":1002002,"self":4.8160479999999994,"total":4129.493807,"children":{"CollectObservations":{"count":808808,"self":2.483006,"total":2.483006,"children":null},"WriteActionMask":{"count":808808,"self":0.84791299999999992,"total":0.84791299999999992,"children":null},"RequestDecision":{"count":808808,"self":2.669657,"total":4121.34684,"children":{"AgentInfo.ToProto":{"count":808808,"self":4.9511448,"total":4118.677183,"children":{"GenerateSensorData":{"count":808808,"self":44.020336,"total":4113.726038,"children":{"CameraSensor.GetCompressedObservation":{"count":808808,"self":4069.705728,"total":4069.705701,"children":null}}}}}}}}},"DecideAction":{"count":1002002,"self":224304.431104,"total":224304.42836199998,"children":null},"AgentAct":{"count":1002002,"self":127.2467456,"total":156.998849,"children":{"AgentInfo.ToProto":{"count":8008,"self":0.01732,"total":29.752105,"children":{"GenerateSensorData":{"count":8008,"self":0.182325,"total":29.734785,"children":{"CameraSensor.GetCompressedObservation":{"count":8008,"self":29.5524608,"total":29.55246,"children":null}}}}}}}},"gauges":{"UnderwaterDrone.CumulativeReward":{"count":8008,"max":2,"min":-20.5758324,"runningAverage":-1.26700127,"value":0.967,"weightedAverage":0.4522196}},"metadata":{"timer_format_version":"0.1.0","start_time_seconds":"1712067750","unity_version":"2021.3.30f1","command_line_arguments":"\/home\/usr4\/yamane\/unity_project\/Test_Crest\/ml-agents-release_20\/ml-agents-envs\/Test_Crest_App\/Linux\/app\/UnderWaterDrones_IM_Round_8Robots_At4_V2.x86_64 --mlagents-port 5006","communication_protocol_version":"1.5.0","com.unity.ml-agents_version":"2.3.0-exp.3","scene_name":"IM_RedBot","end_time_seconds":"1712298473"}}