{"count":1,"self":873.83756799999992,"total":64763.295234,"children":{"InitializeActuators":{"count":1,"self":0.001973,"total":0.001973,"children":null},"InitializeSensors":{"count":1,"self":0.0034869999999999996,"total":0.0034869999999999996,"children":null},"AgentSendState":{"count":1002101,"self":2.267836,"total":1457.602566,"children":{"CollectObservations":{"count":101111,"self":0.288775,"total":0.288775,"children":null},"WriteActionMask":{"count":101111,"self":0.11369499999999999,"total":0.11369499999999999,"children":null},"RequestDecision":{"count":101111,"self":0.744212,"total":1454.93226,"children":{"AgentInfo.ToProto":{"count":101111,"self":1.925325,"total":1454.188048,"children":{"GenerateSensorData":{"count":101111,"self":10.242932,"total":1452.2627229999998,"children":{"CameraSensor.GetCompressedObservation":{"count":101111,"self":1442.01984,"total":1442.019791,"children":null}}}}}}}}},"DecideAction":{"count":1002101,"self":62407.874969599994,"total":62407.87781,"children":null},"AgentAct":{"count":1002101,"self":13.844972799999999,"total":23.969397999999998,"children":{"AgentInfo.ToProto":{"count":1001,"self":0.0034089999999999997,"total":10.124424999999999,"children":{"GenerateSensorData":{"count":1001,"self":0.02751,"total":10.121016,"children":{"CameraSensor.GetCompressedObservation":{"count":1001,"self":10.0935056,"total":10.093506,"children":null}}}}}}}},"gauges":{"UnderwaterDrone.CumulativeReward":{"count":1001,"max":1,"min":-16.2467079,"runningAverage":-1.09003532,"value":0,"weightedAverage":-0.1273673}},"metadata":{"timer_format_version":"0.1.0","start_time_seconds":"1707334318","unity_version":"2021.3.30f1","command_line_arguments":"\/home\/usr4\/yamane\/unity_project\/Test_Crest\/ml-agents-release_20\/ml-agents-envs\/Test_Crest_App\/Linux\/app\/UnderWaterDrones_IM_Round_OneRobot_At9_V1.x86_64 --mlagents-port 5006","communication_protocol_version":"1.5.0","com.unity.ml-agents_version":"2.3.0-exp.3","scene_name":"IM_Round","end_time_seconds":"1707399082"}}