{"count":1,"self":1481.185792,"total":112399.678246,"children":{"InitializeActuators":{"count":2,"self":0.001316,"total":0.001316,"children":null},"InitializeSensors":{"count":2,"self":0.002254,"total":0.002254,"children":null},"AgentSendState":{"count":1002145,"self":3.3652688,"total":2359.8776,"children":{"CollectObservations":{"count":202230,"self":0.983779,"total":0.983779,"children":null},"WriteActionMask":{"count":202230,"self":0.34135499999999996,"total":0.34135499999999996,"children":null},"RequestDecision":{"count":202230,"self":1.3194629999999998,"total":2355.1871969999997,"children":{"AgentInfo.ToProto":{"count":202230,"self":3.209322,"total":2353.867734,"children":{"GenerateSensorData":{"count":202230,"self":34.3207936,"total":2350.6584119999998,"children":{"CameraSensor.GetCompressedObservation":{"count":202230,"self":2316.3375616,"total":2316.337618,"children":null}}}}}}}}},"DecideAction":{"count":1002145,"self":108525.3746688,"total":108525.375006,"children":null},"AgentAct":{"count":1002145,"self":20.2111536,"total":33.235355,"children":{"AgentInfo.ToProto":{"count":2002,"self":0.01038,"total":13.024201999999999,"children":{"GenerateSensorData":{"count":2002,"self":0.093129999999999991,"total":13.013822,"children":{"CameraSensor.GetCompressedObservation":{"count":2002,"self":12.920691999999999,"total":12.920691999999999,"children":null}}}}}}}},"gauges":{"UnderwaterDrone.CumulativeReward":{"count":2002,"max":5,"min":-11.0723171,"runningAverage":0.9333397,"value":1.85149956,"weightedAverage":1.45480156}},"metadata":{"timer_format_version":"0.1.0","start_time_seconds":"1709506358","unity_version":"2021.3.30f1","command_line_arguments":"\/home\/usr4\/yamane\/unity_project\/Test_Crest\/ml-agents-release_20\/ml-agents-envs\/Test_Crest_App\/Linux\/app\/UnderWaterDrones_IM_Round_2Robots_At9_V2.x86_64 --mlagents-port 5006","communication_protocol_version":"1.5.0","com.unity.ml-agents_version":"2.3.0-exp.3","scene_name":"IM_Round","end_time_seconds":"1709618757"}}