{"count":1,"self":2191.1801855999997,"total":244321.45939899998,"children":{"InitializeActuators":{"count":8,"self":0.001282,"total":0.001282,"children":null},"InitializeSensors":{"count":8,"self":0.002105,"total":0.002105,"children":null},"AgentSendState":{"count":1002057,"self":4.5077967999999995,"total":3853.5787619999996,"children":{"CollectObservations":{"count":808848,"self":2.281363,"total":2.281363,"children":null},"WriteActionMask":{"count":808848,"self":0.786241,"total":0.786241,"children":null},"RequestDecision":{"count":808848,"self":2.275633,"total":3846.003361,"children":{"AgentInfo.ToProto":{"count":808848,"self":4.1310959999999994,"total":3843.727728,"children":{"GenerateSensorData":{"count":808848,"self":35.923129599999996,"total":3839.5966319999998,"children":{"CameraSensor.GetCompressedObservation":{"count":808848,"self":3803.6733952,"total":3803.6735009999998,"children":null}}}}}}}}},"DecideAction":{"count":1002057,"self":238220.1880576,"total":238220.184266,"children":null},"AgentAct":{"count":1002057,"self":30.8767328,"total":56.511514,"children":{"AgentInfo.ToProto":{"count":8008,"self":0.020034,"total":25.634781,"children":{"GenerateSensorData":{"count":8008,"self":0.18817399999999998,"total":25.614746999999998,"children":{"CameraSensor.GetCompressedObservation":{"count":8008,"self":25.4265728,"total":25.426572999999998,"children":null}}}}}}}},"gauges":{"UnderwaterDrone.CumulativeReward":{"count":8008,"max":1,"min":-21.3129387,"runningAverage":-1.04032385,"value":0.950499833,"weightedAverage":0.144258678}},"metadata":{"timer_format_version":"0.1.0","start_time_seconds":"1708353075","unity_version":"2021.3.30f1","command_line_arguments":"\/home\/usr4\/yamane\/unity_project\/Test_Crest\/ml-agents-release_20\/ml-agents-envs\/Test_Crest_App\/Linux\/app\/UnderWaterDrones_IM_Round_8Robots_At9_V1.x86_64 --mlagents-port 5006","communication_protocol_version":"1.5.0","com.unity.ml-agents_version":"2.3.0-exp.3","scene_name":"IM_Round","end_time_seconds":"1708597396"}}