{"count":1,"self":5935.1113728,"total":377814.151718,"children":{"InitializeActuators":{"count":12,"self":0.001434,"total":0.001434,"children":null},"InitializeSensors":{"count":12,"self":0.002448,"total":0.002448,"children":null},"AgentSendState":{"count":1002144,"self":11.8418832,"total":10015.250844,"children":{"CollectObservations":{"count":1213380,"self":7.7211792,"total":7.7211789999999993,"children":null},"WriteActionMask":{"count":1213380,"self":2.561603,"total":2.561603,"children":null},"RequestDecision":{"count":1213380,"self":6.6954759999999993,"total":9993.126178999999,"children":{"AgentInfo.ToProto":{"count":1213380,"self":10.8786312,"total":9986.430703,"children":{"GenerateSensorData":{"count":1213380,"self":78.932396799999992,"total":9975.552072,"children":{"CameraSensor.GetCompressedObservation":{"count":1213380,"self":9896.6200319999989,"total":9896.619675,"children":null}}}}}}}}},"DecideAction":{"count":1002144,"self":361560.1983488,"total":361560.206505,"children":null},"AgentAct":{"count":1002144,"self":240.74216959999998,"total":303.577865,"children":{"AgentInfo.ToProto":{"count":12012,"self":0.036303999999999996,"total":62.835693,"children":{"GenerateSensorData":{"count":12012,"self":0.292375,"total":62.799389,"children":{"CameraSensor.GetCompressedObservation":{"count":12012,"self":62.507014399999996,"total":62.507014,"children":null}}}}}}}},"gauges":{"UnderwaterDrone.CumulativeReward":{"count":12012,"max":2,"min":-25.246006,"runningAverage":-0.102765583,"value":-0.880994737,"weightedAverage":0.192614317}},"metadata":{"timer_format_version":"0.1.0","start_time_seconds":"1712356938","unity_version":"2021.3.30f1","command_line_arguments":"\/home\/usr4\/yamane\/unity_project\/Test_Crest\/ml-agents-release_20\/ml-agents-envs\/Test_Crest_App\/Linux\/app\/UnderWaterDrones_IM_Round_12Robots_At4_V2.x86_64 --mlagents-port 5006","communication_protocol_version":"1.5.0","com.unity.ml-agents_version":"2.3.0-exp.3","scene_name":"IM_RedBot","end_time_seconds":"1712734752"}}