{"count":1,"self":5134.9499903999995,"total":375675.685794,"children":{"InitializeActuators":{"count":12,"self":0.0017779999999999998,"total":0.0017779999999999998,"children":null},"InitializeSensors":{"count":12,"self":0.002568,"total":0.002568,"children":null},"AgentSendState":{"count":1002153,"self":11.1033248,"total":6793.7406379999993,"children":{"CollectObservations":{"count":1213392,"self":6.9898168,"total":6.9898169999999995,"children":null},"WriteActionMask":{"count":1213392,"self":2.476631,"total":2.476631,"children":null},"RequestDecision":{"count":1213392,"self":5.9921847999999995,"total":6773.170865,"children":{"AgentInfo.ToProto":{"count":1213392,"self":9.7515248,"total":6767.17868,"children":{"GenerateSensorData":{"count":1213392,"self":68.797849599999992,"total":6757.4271549999994,"children":{"CameraSensor.GetCompressedObservation":{"count":1213392,"self":6688.6291456,"total":6688.629306,"children":null}}}}}}}}},"DecideAction":{"count":1002153,"self":363636.064256,"total":363636.052806,"children":null},"AgentAct":{"count":1002153,"self":69.432588799999991,"total":110.93696399999999,"children":{"AgentInfo.ToProto":{"count":12012,"self":0.036273,"total":41.504373,"children":{"GenerateSensorData":{"count":12012,"self":0.260771,"total":41.4681,"children":{"CameraSensor.GetCompressedObservation":{"count":12012,"self":41.207328,"total":41.207329,"children":null}}}}}}}},"gauges":{"UnderwaterDrone.CumulativeReward":{"count":12012,"max":1.9835,"min":-17.6604118,"runningAverage":-1.08532393,"value":-2.4034996,"weightedAverage":-1.37350512}},"metadata":{"timer_format_version":"0.1.0","start_time_seconds":"1708115546","unity_version":"2021.3.30f1","command_line_arguments":"\/home\/usr4\/yamane\/unity_project\/Test_Crest\/ml-agents-release_20\/ml-agents-envs\/Test_Crest_App\/Linux\/app\/UnderWaterDrones_IM_Round_12Robots_At9_V1.x86_64 --mlagents-port 5006","communication_protocol_version":"1.5.0","com.unity.ml-agents_version":"2.3.0-exp.3","scene_name":"IM_Round","end_time_seconds":"1708491221"}}