{"count":1,"self":2087.2773632,"total":409165.764264,"children":{"InitializeActuators":{"count":4,"self":0.001464,"total":0.001464,"children":null},"InitializeSensors":{"count":4,"self":0.0025109999999999998,"total":0.0025109999999999998,"children":null},"AgentSendState":{"count":1002244,"self":4.4986112,"total":3792.642222,"children":{"CollectObservations":{"count":404500,"self":2.2915929999999998,"total":2.2915929999999998,"children":null},"WriteActionMask":{"count":404500,"self":0.780434,"total":0.780434,"children":null},"RequestDecision":{"count":404500,"self":2.3367139999999997,"total":3785.071584,"children":{"AgentInfo.ToProto":{"count":404500,"self":4.0575952,"total":3782.73487,"children":{"GenerateSensorData":{"count":404500,"self":30.8028384,"total":3778.677275,"children":{"CameraSensor.GetCompressedObservation":{"count":404500,"self":3747.8744063999998,"total":3747.8744359999996,"children":null}}}}}}}}},"DecideAction":{"count":1002244,"self":403076.153344,"total":403076.155566,"children":null},"AgentAct":{"count":1002244,"self":187.793856,"total":209.684069,"children":{"AgentInfo.ToProto":{"count":4004,"self":0.013991,"total":21.890207999999998,"children":{"GenerateSensorData":{"count":4004,"self":0.124732,"total":21.876217,"children":{"CameraSensor.GetCompressedObservation":{"count":4004,"self":21.7514848,"total":21.751485,"children":null}}}}}}}},"gauges":{"UnderwaterDrone.CumulativeReward":{"count":4004,"max":5,"min":-21.7254982,"runningAverage":0.5500364,"value":1.73599982,"weightedAverage":2.144514}},"metadata":{"timer_format_version":"0.1.0","start_time_seconds":"1712471739","unity_version":"2021.3.30f1","command_line_arguments":"\/home\/usr4\/yamane\/unity_project\/Test_Crest\/ml-agents-release_20\/ml-agents-envs\/Test_Crest_App\/Linux\/app\/UnderWaterDrones_IM_Round_4Robots_At4_V2.x86_64 --mlagents-port 5006","communication_protocol_version":"1.5.0","com.unity.ml-agents_version":"2.3.0-exp.3","scene_name":"IM_RedBot","end_time_seconds":"1712880905"}}